"V1","V2","V3","V4","V5","V6","V7","V8","V9","V10","V11","V12","V13","V14","V15","V16","V17","V18","V19","V20","V21","V22","V23","V24","V25","V26","V27","V28","V29","V30","V31","V32","V33","V34","V35","V36","V37","V38","V39","V40","V41","V42","V43","V44","V45","V46","V47","V48","V49","V50"
-29.7829117344664,-28.2748605897675,-28.7910616268504,-24.3621165024128,8.27805238194711,8.85206391819735,9.02078021824363,9.3207549033583,9.00216741717193,0.757556916936454,-20.1398685730421,-0.72871023816855,1.33235937811163,4.14218403593991,8.8613849878005,8.32564172991073,8.00377787359569,8.2855263910838,8.12634235980018,8.08171599860454,7.85463680866684,7.94318749260127,7.83079142405224,7.77088865792984,7.1816885413426,8.83444474094165,6.80614428768848,6.69167905794419,8.16587573516017,7.66992681963424,7.48935785199824,8.05742473233446,8.42176938712443,9.91856286364119,10.4802351282001,12.18266975506,12.8403742362328,12.3160288738997,10.1837667897809,9.7412637451272,18.7605207333358,17.6592361835922,10.709798292165,2.38046677077773,-0.145926280522401,0.020003064182924,2.87875848331919,14.3088466111348,14.8558557591141,2.06463550389447
-23.0472077454218,-18.3015035338957,-28.0688728856235,-20.9317726396981,8.0467077811242,8.8517069009042,8.93579348416317,9.39456643237247,9.02676890526468,2.84527077463716,-24.9967693654577,-3.58126048329748,0.283286194733448,3.7395050937443,8.63097319141599,8.12919194766313,8.00084676118482,8.07451309334298,8.10846313701437,7.99552702586602,7.12967917977512,8.10048931223144,6.88391146382899,7.01794185520859,7.07670026213657,8.32327914427685,7.19049061828587,6.60341184870723,7.57835897023252,8.00376451714147,7.28730719224263,8.30613656960432,8.2855504464611,10.3286975219546,10.5401093153958,9.72763945636657,10.6807705311908,11.6611086887927,10.8128825719315,14.1771328371254,19.9542087563617,19.8031603432613,9.63046223308763,2.04226740416215,1.76279579571792,0.238165816310434,4.183447287175,15.8860489400142,12.8754751535286,1.01317552390462
-23.5357510687644,-22.4349346461387,-29.5585535948859,-22.9374139430696,7.42704032146371,9.11207943467134,8.88957005036008,9.34844858950625,9.01056047186554,4.59332052520532,-26.7110270753591,-1.66583063321624,0.250126518812622,3.76683706101535,8.60955380083531,7.90001572218123,7.63768128564211,7.7895828652435,7.92913603355841,6.4231612751964,6.60447591637459,8.12419508913435,6.95401792939797,6.3506905362092,7.11050858163821,8.02459027344876,7.49455648051203,7.29828314328139,6.66514423700235,7.75813188676686,6.61635941388575,8.71413527879613,8.77595612999983,9.48960677412887,10.4660405440692,8.37879762055822,11.38949122402,11.4922539901151,12.1441212262782,12.7844590344045,21.7180877939572,19.7436936638167,10.4922058424877,3.03257677810343,1.96933782143924,0.644309741703942,7.7524860164329,15.2796576751738,10.7263583181695,1.47655719987164
-21.290892738426,-25.6050005932172,-31.8493058945329,-24.720347159161,7.26115813018553,9.25491447301119,8.76529323904213,9.34792774072523,9.17065481550126,5.75217600428974,-20.6171036444995,-1.10776039788572,1.22088418288022,2.74989026392598,8.37611698824538,8.24580920288373,7.40240137267877,7.57734463501883,7.85229944474569,5.98141702241037,6.59887206486666,8.08411355849982,7.01271527981072,6.39789367397628,6.40943883169699,8.17527704252754,6.69360009398798,7.32402469973083,6.5885414406197,7.66011987660411,6.35253967889979,8.1477943603673,9.2486049127877,9.328726856351,10.7081335550301,8.69641990068102,10.7579185217409,11.24480345317,12.122080824443,12.0691843646559,19.1623714303531,16.4405522688973,7.09467300710274,2.96028178893668,2.2200365556562,2.01742626106927,10.7973115122036,14.006569306499,10.6330119012682,3.16427221980779
-9.82508541375954,-10.6828571361118,-12.9612818356874,-5.92477162307702,6.45081032310609,8.37876007228169,8.77496926462758,9.28648373335339,9.16919388184962,5.82547203939813,-5.27800605799286,0.132373691240663,1.48548315569263,3.97897127591211,8.34233968361309,8.33659985911903,7.32189912564726,7.27874844156431,7.66282355844273,6.01977188100319,6.85468006512246,7.59172271391709,9.92834390898088,11.1464000114854,7.92967790297532,8.75502058214736,6.85591324675845,6.53984841674502,7.11437469022009,7.6045505037561,6.52188655745875,7.91030870088858,9.59927750658997,9.20151469347771,10.7623803640977,8.69546196044121,10.9916553557759,11.4572811780212,11.6051322431527,13.6468628875871,18.1647817572067,11.9673999522574,2.84304044566671,2.10491587482656,2.55558074427615,3.64646291789394,11.1130508831709,14.0877151734618,10.2953315787801,3.40119350355717
-7.22585737145227,-9.08620177044458,-9.72774398574031,-4.89056073322417,6.08644094756107,8.18349794231305,8.8588784267822,9.09689847544959,9.22701258210984,6.48507144685121,-2.69978342852184,1.94432647191115,3.78141880703611,4.75878074090701,8.17547139625873,8.34239309111639,7.437701314303,7.08689694404628,7.64113263138236,8.69559080098936,10.3682661004079,6.58641844672703,3.53428370939478,9.25697739316384,10.1784544058536,8.70963433284744,8.78492265271144,7.62530328279838,10.6069653456121,11.5583945120526,7.72509472360136,7.83936414287621,9.25178012616261,9.1935120307461,10.8753779863647,8.58896970608343,12.5621663709649,11.7388075024059,12.0977990842247,13.8591499097463,15.4844282422633,8.99925389152327,3.02590624347536,2.64284725017726,2.31253150471524,5.09727824761244,13.0494577739444,13.3488928451891,5.81267355030556,2.70647627684242
-5.26282996166367,-6.622274866605,-7.73373809158566,-6.47711442985189,5.97828948991301,8.49056848648121,8.75586368464962,9.4637714130336,9.05152416690666,6.52475188726032,-0.565909482253597,0.90743126891185,2.51929803129322,3.9184592000605,8.37909055189204,8.31382746840139,7.66339140050535,8.94536899473672,12.1520382166587,9.4050453706489,10.4270360514647,7.4304182674523,10.3114413431397,10.5263065013951,9.16797942852017,8.50838399899485,9.62485699110278,9.25224999342423,9.78770141896199,10.1818669322695,10.3592755184363,9.63590509213051,9.05405971612927,9.20587083852692,10.8038004811693,8.5546912211646,11.4454203448768,11.7210796493209,11.4206410724378,6.97238698733948,8.95571043940648,7.71634347751785,3.32970842538906,2.95156152928046,2.95933556696818,4.78624196399285,12.3593261751958,10.3799375501361,4.78653389509286,3.62086683808396
-4.27124503482612,-5.87753695340342,-9.32135911783758,-7.1219396242605,6.47857552409572,8.35477955343963,8.59548947291853,9.40698145312435,9.08823603695702,7.76276032159932,0.511196403106039,-1.55541105416178,-0.257698483860079,1.30427959135831,6.06829478491125,7.96219853654596,7.80029968811217,10.5139303186993,10.1144548735852,12.3250921359038,10.4234442715812,10.3190022499078,11.7330782281777,12.817475337849,10.9711818006097,11.2397169799891,12.0291780639837,12.2522443886056,10.1316612389886,7.68339883019397,10.8865695684886,11.6522361813187,9.20333389463326,9.31917418159303,10.9257149087738,8.63011579252316,10.3295870722416,11.5993089997277,11.7264539753725,6.23000599169012,4.65089524026976,4.48988716914338,2.11335552367752,2.5218650608341,3.4300031753248,4.31988742138606,9.4154379198683,8.08250337487833,5.09212432342739,4.50352955316329
-1.1383565398788,-4.30658385469417,-4.19520763401069,-6.0305102350434,6.07340136894038,8.33000429481016,8.66062374595356,9.36063998881739,9.40756712262073,8.45716517995119,-2.36492191992961,-1.94502936907328,-0.656197273909873,-1.42059968951125,6.30437802574128,8.17507041762386,9.18832072024917,9.95573864641725,13.3758836596564,14.5555105123663,17.9961216280241,16.9028131937514,17.8606877420363,19.4096434184125,19.697839618076,21.6602558475565,22.5300825164252,21.2622297525878,17.5768199370763,15.2921609914459,14.5412311846015,15.2600111956012,12.7380222805457,8.95951619139437,11.7020934663303,9.11114193909278,11.8049490357117,11.6077283015825,12.0499165052637,5.39499627701162,3.55574723952766,2.94858952465175,1.06667079496328,2.172414459402,2.99147716200717,3.54003034155025,4.51644183979101,4.44487307682985,3.17928796541403,4.62951550441537
-0.307731974728456,-3.94456617749272,-7.55003335452739,-6.95267643961681,5.9474748937215,8.47896033375126,8.7791483681381,9.27839838655455,9.38541779046532,8.51317828825259,-1.81228605111142,-2.19934557743321,1.29325721800604,-2.17251432653641,6.26900044830063,7.17229196619438,14.5522469967108,13.7502285526272,17.8680142361726,21.2264126398851,22.8272200048064,22.3584174786929,22.0428956852794,23.509019542534,24.7044312558974,25.0787097556641,26.5538680427433,26.2932116970667,25.9739814686779,22.5000930886047,18.982624631599,18.7598553111157,16.2023349046816,10.6664951103717,12.2259736027627,8.95997827992296,11.1533719019585,11.6271978079717,12.2904898226163,2.89846076625554,4.04302779665263,3.25547818005366,2.55839156389702,1.64637523207606,2.12700366080422,2.96657854735836,2.37895785379165,3.60634603661462,8.43904915681355,12.4855000325509
-0.868236116528256,-4.90718124709622,-3.52813752103057,0.321820097896078,4.99763131307134,8.55661947661922,8.86824124542538,9.23306489366202,9.17980575915008,7.98547670751023,-1.88534606731247,-6.76603223105463,-3.92956077995188,-4.70046880982344,4.10344795555302,6.85341401679616,13.2847927332897,15.8490793213238,17.7745907580911,22.4110183821482,23.8306781670593,23.8221907877919,22.7886416655954,23.9894388185864,25.8217162378885,27.7504171780303,27.6961005359471,27.4994842179714,27.0527050606625,23.3968005016629,17.5826315283932,18.3249769853705,16.9553176195811,17.4629800191704,12.1310609046328,8.64925707953943,11.0573290265294,11.185220757677,13.2830279789663,5.00504593165466,4.75760041576941,5.3374666167901,3.74273823816298,3.18412866039428,3.63308602962784,6.49332124336973,10.6005867552825,13.0512081074916,13.9505271956578,14.2460528542046
-1.71772758501661,-4.62549048254146,-2.94110628927573,-1.1330883338695,6.14512902850103,8.89306239343758,8.78543014623211,8.78984160069481,8.22399790027832,7.88308940999822,-0.721229255485884,-5.24904690049694,-1.43351307740588,-4.67004456388172,4.79585826786582,6.31400112067029,13.701365519857,18.6676722657687,20.4421214850004,22.1046192927423,23.9089464066879,24.3200578385551,23.6802477529388,23.3118644742666,24.5797043806699,26.2536544691682,26.5689963594071,27.2864114300461,26.8279442562407,22.9431405716422,21.5855471933612,20.2949971658343,18.242581433568,14.2452271592963,11.8063571752906,8.78599104927185,12.4180727679803,10.3663664791799,13.0389296351943,5.38147378252439,4.5933570519802,5.84509530958608,8.28268560614583,11.9086833156771,13.6763628512234,13.6702753692803,11.9911783286095,13.6335664803164,14.5652719021718,15.11680739055
-2.93278189716673,-2.76816748866501,-3.74646940199536,-4.77390169612737,3.6888912737322,8.62827219250431,8.70139920698379,9.02711912125601,8.79521366676314,7.70169273572918,-0.107044408952108,-4.62123589681403,-3.18024870344705,-3.28509852291299,4.3059899849297,7.3941918152024,15.290001628707,20.3792419159441,21.763943868799,22.0567548404289,23.140634660375,24.3164374950337,23.563398113987,23.2276301462312,24.2351754346419,25.5490690112684,26.1809297587196,27.3683546568854,26.2762484230802,22.8354395123042,20.2055781562831,18.9929088948547,17.0808410878597,14.1147135933175,10.867784807267,8.89352230257702,11.5119898514321,9.16322695417153,13.8128363260863,10.3994710460074,11.9014533268946,12.2528911619086,14.0603113717671,14.3300644130645,14.3068878509044,13.5967749844683,12.4167087695115,12.4184611568294,12.4004789231508,12.1429322422798
-2.52261137546883,-3.33396128968568,-10.1312270296948,-12.7003128172899,-0.423621904829907,8.30709912695369,8.71391160111498,8.9863544912066,8.79432807430985,7.75594490572455,-0.56151508682709,-5.08991757701102,-2.64790531547932,-2.91505198477977,3.08448128667267,7.57185986953456,14.1066351872187,17.07782273519,19.0388832260724,21.214473534604,22.5616482113668,23.2867828662666,22.7245749398415,22.762311364194,22.1759796192816,20.4708286421555,23.071793119241,26.0617052303205,25.7507401450857,23.6880608075378,21.244123627285,20.7175749721104,19.096204356932,12.9313409464888,10.2842958701622,8.54562462857233,10.3254351971509,9.45169781808865,13.5649625563811,13.8357685496378,13.1453074696918,12.7793844902207,12.0635020671139,11.3558735634576,10.9077115877586,10.8066172814359,10.7134979547909,11.245954208267,11.7905458763892,11.7981157195603
-3.24092487530012,-4.110402552033,-11.611396351781,-14.4340748005191,-0.962359869706007,8.2793971093452,8.67324861627139,8.8227023798256,9.09965159480268,7.94243022468036,-0.0300683238667422,-4.43430064127571,-0.773735870544885,-1.5261583909796,2.11699426870582,7.9940365971986,12.2176850793572,15.4756768251593,19.220321705289,20.3274939032362,22.2676904765508,23.6670209094693,23.5125744636371,23.7041934175146,21.0376749887483,17.1866111784632,19.3110943872507,20.9745889650387,23.9357425308296,24.6789992410705,21.2793834020707,19.3347755898885,19.1309200420529,12.7230928716511,10.3282391832768,8.02327433392386,9.85199002404584,9.96906811399213,10.743419883503,10.3497051194302,10.3287235033753,10.375259635196,10.5017094516049,10.9070456033814,11.7096899408037,12.4176422207131,13.0526565362016,14.202523309975,14.3714464260608,15.5177492515575
-3.71022559550326,-3.68003317349876,-10.0084270091731,-12.7411977210487,-1.86254123823236,8.18422229777065,8.59660687621001,8.69951854749836,9.15450909851472,7.99426846834606,2.40242330082793,2.66173699492505,4.5369382613761,2.84821626529049,4.30311798527439,9.22581820149525,10.103903387442,18.4222771090607,20.4765806913222,17.1174917909747,17.8124853890177,16.0946452264595,21.2437956292502,21.552015523434,18.9577699554047,16.7801921606499,20.1124514425705,18.4741327835413,16.7579068357737,17.3950937870197,18.8732282451558,18.760634274473,22.5160283692439,13.2642004895728,10.2310454556388,7.74461587899005,8.43515737744821,10.2920691251647,12.3776480649169,13.3765512757212,13.8974978076594,14.3776221307027,14.0792672701939,12.8604434734404,12.011216862398,12.1667220301944,12.3028471350055,10.5898284541844,9.72179502824365,9.3651286497898
-3.06625442689069,-2.436298036243,-5.94745533728944,-5.99262134702627,0.514184657491922,7.76138733074516,8.12604988530024,8.10514204636602,7.59351238647672,5.20736526679043,6.37495927273259,7.33180464589956,9.47416892285161,11.3846011993804,6.95548914803401,7.81519584396138,10.8865420682556,18.6171115333301,18.9620155099595,17.7664035815407,19.64868081264,18.0676590312397,20.4114055145849,20.3694800240191,20.7377455961634,19.0815454773551,20.7662715244542,18.190550209831,16.6473598756974,20.0618327070831,21.3210095698424,21.7155257826703,26.0518951422188,31.4621545239458,10.5863340924107,7.44938548800577,8.41729826255517,8.43398218816642,10.2465554073976,9.13399276127601,8.64279814079155,8.09920467745981,7.76593755349278,7.61423001023779,7.04904995035913,6.93386996867311,5.82553237768939,5.8078818180068,5.80988365216958,5.72638400749393
-3.71045935442106,-3.01461971131094,-5.19953617768949,-4.87825378537476,1.67394424741656,7.68718322243033,7.93767229460753,7.86099606149129,7.28314911891875,6.29063186614384,8.08507582671012,9.34979002460701,12.8851716067526,11.7629631828016,10.7413707583541,12.2056741982487,13.4194416044444,16.8182285360807,16.9154720271389,18.5708446763593,22.8742968478591,22.0968668399489,22.8729620153354,21.6472907222573,20.7102316838304,19.7232580617523,19.6570175068375,21.0554600689604,23.4373727268068,23.8828391606947,23.424911336014,23.3104818937949,30.4119087259458,28.0189574504836,10.0129085425353,6.3687786918952,7.0286097445316,8.84038373512606,8.9704015902385,8.24663877791829,8.03641454162142,7.99624824334433,8.1262753105799,7.24269113251804,7.00076553399899,6.2135936038647,5.77598667798469,5.81101513091877,5.62501134694289,5.60366239908158
-3.93340877662157,-4.10108884504574,-6.74680864194163,-6.91564113158362,-1.55953358263535,7.58536282176629,7.62552282961037,7.48181759283484,7.56267926163969,7.88109862320054,10.0446168975967,10.3280536553928,10.2827581744528,12.6300119079416,13.0432913785408,15.3381420161062,16.8569146273853,20.8849324487091,21.4473269193337,20.822973344994,21.4415788658799,23.2804048396517,24.6974528738843,24.7078408563477,24.1769464974189,23.3343241115256,22.8934450511211,25.3736805090229,25.5101618964101,23.5010375449178,23.6034262968035,25.3640342699398,26.6619610304146,19.2206922554691,10.1268351382003,6.36657489443255,7.03383066160388,8.45197999143616,8.27369942155169,8.20064186380731,8.42675589539629,8.28802095205612,8.21867351859136,7.23430983497659,7.02321204216029,5.9314355206394,5.83023525547879,5.83343579573762,5.23057246232517,5.69934555578245
-4.21030429584352,-4.72799351476826,-6.08167056207328,-7.65689655708002,-3.78237561966302,7.67654558304325,7.70706450549794,7.45909075966308,7.97636969719133,9.12038380922209,10.0271231149785,9.45068010287005,8.95006100961492,12.6966744390542,14.2926594728301,14.2450093541227,17.7713901104793,19.8777818564011,20.3915952204737,21.5772467022511,22.609669612238,23.4553249156278,23.4776158534391,25.8217012279398,23.7101884874475,22.988607205662,21.827391135822,23.482814012628,24.5028055527444,23.9038273660309,23.8429590669057,22.7853393320273,21.2142166404912,10.128178613065,10.6644633363216,7.79085028759126,9.0046149351967,8.55157469083496,8.03187618884042,8.05015226687937,8.29791657207947,8.08714568478157,7.83396128407346,6.75103433808588,6.48396916990173,6.36241915901305,6.46117874490282,6.37261126822315,5.47511224970278,5.57199415990404
0.131915764456938,-3.69552403216574,-3.58820796047953,-4.81947438231682,-1.46564159139739,6.84727298972934,8.77475287323966,9.16990193471337,12.61539235875,11.3274543851549,8.41789691334596,6.66952055950191,8.10735306319627,7.77463940914835,8.864223479263,11.1165669569473,16.553718906363,20.5032217205853,21.1916675092807,22.1709357202664,27.2776454915507,26.2608556645911,28.8729926821986,27.6757123297458,23.3649208326686,22.973173682372,22.5550793495893,23.7279767163808,23.8885862291759,24.0639327771423,22.3587205622252,20.2890219378685,12.9243485437001,8.49806211092584,8.6614812575319,8.75548683256475,8.39593749999188,9.86719083148001,7.75640142650844,7.58117291619536,7.68726329607234,7.7101375997853,7.47207210242903,7.44067414865626,7.89112133664406,8.15972694038748,7.25313394096471,7.04355166234991,6.76265136954821,6.57675634145391
8.15891278315083,9.05669389635246,5.00463450602775,-0.0523903207571061,5.89795147099508,9.8525714141193,13.2096989871739,14.3971166687529,15.321784096122,12.3732986077878,10.2697223189402,6.90706403510546,4.03073650930123,4.33585613652389,5.81632419822427,5.61886410580248,7.53788005150203,19.8511749982536,20.7539021356097,19.9578749039097,21.8194403019007,24.7682552376755,23.7808633879485,22.1827864791065,22.139220132093,21.9212091153707,22.6673523398263,23.2240394024641,23.6507192938248,24.5491559806516,23.0819543374256,13.3541179329531,7.80338409667786,11.5736159488623,10.1914079201013,8.78977712238998,7.92566472019032,7.88885035738414,7.84157629380175,7.74692295487078,8.82546217122411,8.98634290313511,8.36987508207929,8.17840650274347,8.04295248497739,8.16105805497697,7.89751896585796,7.53063928662007,6.79903863552601,6.68957407831445
9.75352155703233,9.87229148325564,0.418608934661892,-11.7699829392799,7.38835972871589,9.56469246322556,6.35454952326603,6.84820137898908,6.73459355312698,9.2088318752109,5.12721107696315,4.06166849396746,2.06787431625511,3.03295927416834,4.83397172409667,5.09605312755277,4.14935022713169,15.3411236009888,18.2427762362036,22.2186008482581,31.7304339085914,33.9575721398513,35.4426239120991,33.5167336049972,25.1693185136573,21.874135892985,22.2399141628146,23.1580319353277,24.1799062409585,25.4976015439864,25.2489224765518,15.4023812359864,9.52189734845629,10.2235223396929,10.3678005846786,13.2263012017535,10.5990819372299,8.53137906427343,8.42443563740981,8.26892062014372,8.30360992946572,8.3071789596479,8.47340676460571,9.19418536251637,9.18878909344601,8.29936379761968,8.0734127330075,7.65868637636317,6.78869661152839,6.38230153243447
9.82634411071987,9.75952431963549,2.16796985401126,-2.96195660443587,5.18677801883026,6.25117060466742,6.25194669301422,5.97463321575233,2.90313035812243,2.67246696446719,3.49249245536208,4.64851241594344,6.92332662045879,9.40846042494712,5.17798494762072,3.82541945690292,6.98403264842694,11.519720307856,17.0958925577201,21.1012278198962,24.0468165448448,30.3912059425521,29.2045602845372,26.224278354927,23.4444227943073,22.3222304604179,23.0781781824969,23.9306056513521,25.0294082087814,27.3931003284645,25.8851957018008,14.8433661676183,10.2517756340237,8.75398164045506,9.0055659700225,8.73989154285198,7.96434738938748,7.95608203804494,10.979268022057,8.84772138467212,8.31535134946147,8.30228678229403,8.28184240254295,9.29613924406446,9.74495511902701,8.23974787874718,8.15905703691672,7.71640222433987,7.2213452746923,7.48298591979344
10.7835726113254,9.35109175374454,5.27198104863321,5.22100719331477,5.33630171692177,5.19139165575642,3.61817533259075,3.29019421148172,3.01618494827671,2.79606676942387,3.85679547297122,6.29098067105058,6.91115836313521,7.24830660963033,4.11645982388994,4.28688480373149,9.73747222821867,12.3565496352668,16.73037547865,19.4782262296823,20.9145806232871,22.3476451856422,22.8009896207112,22.6996447859288,22.2105984871426,22.3929891956293,23.8824625526357,26.344368222797,27.2659617250285,26.9502567133002,25.5313970467963,13.0021600149681,9.14545890522767,8.93293682143522,8.35086270999588,8.55575954764989,7.66605022104918,7.41965442727582,8.5038138386606,9.14851279574562,8.29116896570117,8.26469419605314,8.55955181886545,9.05461900852366,9.61906664152527,9.12723898803331,8.2608480921197,7.95468140043,7.6177703207165,8.15463345086618
11.1168701789722,8.25506192947353,4.66475396027229,4.67321635021913,4.31952189100666,3.18669039382346,2.33036304904675,3.86462425693794,4.60195433391035,4.56903029488777,4.37756938079154,1.31177842136113,1.86735586956966,6.10223446871305,5.27194191494935,4.83307663880015,6.75184951425537,7.43199781931417,9.03390940559897,21.3204924550818,20.8318966946293,21.3316791082186,21.03209092774,20.4434287235612,20.6344249989221,23.662453001809,27.2962276893669,27.9310471736537,26.9084915184237,27.2635792968118,24.6567104719833,11.0781891199901,9.23417584002724,8.51681508809015,8.00471743527043,8.402528809152,8.04092809140054,7.70956005131785,7.82090240618948,7.47990279185814,6.39089726757549,8.61274612885445,8.63466957450329,9.00145302725605,9.42928643323009,9.51454428191981,10.386843550822,10.1826906109583,10.1330166432009,10.1358393802905
11.0223609110997,8.92313229644814,8.77680199330866,5.82330416403775,2.69995601556519,2.88129576235212,3.35621596661023,4.33710822273623,4.69496124047204,5.09489897707469,5.60408320622683,4.26420018073913,2.92062092200496,7.08340608736345,6.57206738166676,5.08914429801112,3.7833139316494,4.63017088319341,6.54270213737393,21.3738136645268,21.0977910704084,24.7950208671755,24.4895886126095,23.2501614603532,25.1114905426374,26.0511109587309,27.0145281307167,28.3249741168962,26.8254174198238,26.2549066592416,24.0483627569102,12.9555173154503,8.76386364996031,6.46337337991344,6.29272112374287,7.18387317609968,8.24676781059605,7.85656371453905,7.54945270573974,6.76660112137062,6.52525251970483,7.17809539865175,9.70327602407401,10.1691952186511,10.2509218801745,10.2433134147884,10.6808724673117,10.9254000998161,11.0128160644047,10.998181840321
11.1522301606578,12.3507996328208,12.7571909555835,7.08910505577473,4.4796070624162,4.41031727620911,4.434630380491,3.66433569502033,5.09010971252397,5.44877485333737,5.23959641777353,8.3545084179055,7.44579171044903,6.67962899839679,4.37972076077387,4.3835622064065,3.31921423865141,3.88446445422867,5.32778097107361,18.5932593528522,20.511797354688,21.2583219808944,22.5384100432562,23.1044134349484,21.498858884995,23.7112685629862,25.2402423510985,24.9853139953625,25.8036697334833,25.9685343092018,21.8235070228614,14.4723284178655,8.5277439360047,6.0716442045761,5.4773510885786,5.38078712875831,5.56449604737647,6.05977923187176,6.33837594779192,7.14473350602261,6.99281810669531,7.90016494551942,9.71084219295808,10.7089153782816,11.6992986145612,11.2975561050387,11.3972492066071,11.4413107910821,11.477647834305,11.4663180585795
11.1803796017031,11.508483205845,14.250633708747,7.89016193554447,5.71053980459884,6.22468864130877,5.87968558623658,5.04945852071565,5.986416332395,5.34432803546661,5.84417799931235,6.43953169315656,5.43059479104351,6.80710005739218,4.78531554180915,2.95264402182194,3.89157861852403,5.36122821732525,2.75163278212945,12.8890040645809,21.8778887923583,20.781512094641,20.8432135532236,21.5000641064767,20.8342725563878,21.7586608753952,23.0780253331897,24.9524181019364,26.016229155914,25.9639604772121,19.8522219406171,10.0331771946912,7.33760445332411,5.2063434170359,5.45955053246699,5.67492586744357,5.90416828896431,6.52232992976134,5.73762962638614,6.44016377164777,7.4461267149418,7.57529538620866,7.70251159019378,10.4113196405577,11.7192724079016,11.3632994625327,11.439797396731,11.3622359218871,11.5014299381621,11.6155698345827
10.1621982683828,8.25459993345638,8.91634268585083,11.938866325327,7.55856336864859,7.64562857333266,7.3897377753721,7.03323796942778,6.39783710073937,6.7806962842262,7.02160132159008,5.37863345133847,4.08622008819055,5.67120134163483,5.6794550560786,3.91338447483676,6.70897732587175,8.1187393414702,1.78715389973843,6.04708060535867,16.143286610089,21.2910318179858,19.9493539178132,21.775159703572,21.1586311042005,21.7046128860325,24.3257101757994,24.8042237279966,25.1572848762639,24.6982377115581,19.6825548807082,11.5125333068329,9.60516459942236,5.79268886772017,5.19069481379627,3.66479710409325,1.37609662606782,6.31417767374198,6.03462684853982,6.4037375272539,7.62932046828703,7.52860316580399,7.50804117036347,7.70288352393567,10.981528779901,12.771986118826,11.5782663916765,11.4716526726633,11.5522466792775,11.7566929587584
9.41022405857286,6.78920887812309,6.87869449922293,10.8849493198206,9.07987082149585,6.06881490191948,6.96841914507455,6.89830221595747,7.30930346030158,7.74209845578872,6.89426261981246,7.19915688945413,7.22620381393687,4.95580888001301,4.44618150853011,4.89169837972873,2.54204425397112,7.81409954383923,2.33191490627366,3.54166393682562,5.49351244423517,12.5512276184229,18.0597709139537,21.6547125808959,22.0825432592893,23.2544174212934,24.2562220014414,25.0035562820606,23.4726017635172,16.7116534615322,12.3080322375653,10.1800095814856,5.24684249848186,4.04609075952407,4.44580400982168,3.27253254461614,4.61876529439296,8.20309955892892,6.78338161345203,6.98556304280942,6.37260132453931,6.53112179459367,8.21451773436003,8.45058629347911,8.95720411399787,13.1785218547361,12.2567815787316,10.3261524950938,10.3511993949559,10.20643003605
10.4545609853653,12.5686104203606,11.5538103830402,8.48866779000025,8.46798519835335,5.87902746115577,5.57057341874559,6.85676502355465,7.1887397901576,6.29189710146797,8.01625117842028,6.60690872490335,3.34174656626015,4.71373936326462,4.11922877547966,4.3506373447241,1.85472680816746,8.72596186848576,6.58577902757398,5.15789791839986,4.11631005539661,6.90447267384899,9.15349828916718,11.1193922586012,12.5270709618013,13.4930853700115,13.6205143941932,13.3376799475986,10.8622946011259,11.9085911636686,11.1954932453947,7.92510556252121,4.3238496312583,3.91247164386397,3.83866549440829,3.68033369433423,4.75306206540457,5.86354926499682,7.46908233727307,6.22170868713083,8.03193031844349,7.86284629735594,8.79941555839724,10.3026066161573,8.59139473121557,10.1574592890343,12.7377230465584,8.84456733097412,10.0151761260792,10.4009387895819
12.1222820141588,10.2122835942991,12.3686893037574,7.6146994718748,9.78323086820881,6.95627150657284,7.56200754547728,6.574919602584,6.27690560225541,8.69875034521138,3.8426251895052,4.43414909211182,3.69986056057618,6.48840200550884,4.54364541735343,3.6411298317617,4.70525523643665,4.93179305493451,6.35423519304949,7.15178689266801,6.13168316634109,5.46282902849816,6.46049639705844,5.83482488017161,6.91847415796622,7.04634510196177,7.01770179597222,7.08862424510802,8.51722487999401,10.1739615288043,11.5550985544599,8.10261586310067,6.38415552805326,4.93779986451916,5.37038782229372,5.9048805393178,5.59921591450913,4.76424283032106,6.71945710281994,7.34933913450926,7.48148237949097,8.30416960585116,10.6941257473953,10.4992687290928,9.00030998211277,9.33684394712157,11.6164057405864,10.4725116076,9.40174220484709,10.0830796239338
10.4690031313339,10.544867884279,8.93209903424299,7.96735390866335,6.29409169540092,7.05589244486886,6.48907397729441,7.61270758868798,9.71388055365005,6.59949762401145,4.77690231580806,5.2763764443967,5.89059014997512,5.75030709664585,6.19800871723623,4.0806412799276,4.06691465293606,3.13196786785425,3.50212627946377,4.14490356637259,6.66357964047064,6.86397076365897,7.08102055157811,5.71112363005545,5.36714260986915,5.69640889913302,7.46099537905598,8.62642387889054,7.0097533007059,9.97125091639809,7.83047929902049,6.7225308212449,6.49298058372299,6.01701184794332,4.68399438222266,4.22827161582423,4.25442165501676,4.86013749601058,7.30667548176178,7.85552938907481,8.64531398477752,8.13932910399404,8.27288151237769,9.10076768940725,9.11511625629824,9.78402649227609,10.3025057819869,11.4683742475524,9.82709368463074,9.49470659860894
10.0561066763756,9.10159453820971,6.73885921396766,7.51905501437534,6.7129386330051,7.66070569974361,7.13038839010163,7.40510208791241,7.89148927139176,6.92043136364582,6.49621797685851,7.33926616956979,6.16129788807888,6.68601998970628,6.61326707977369,5.40981316067916,5.10864284915823,4.12142947253771,5.05365582962518,5.27388855192097,7.21496863542645,7.59093612755478,7.7971822945357,6.53488481570514,5.35282601232004,5.76398029090156,7.51593506485958,3.38596221170209,5.70257281245856,8.18203011352508,6.7901548943937,6.36037666208738,6.47370904670007,6.61635720421385,5.76495588911423,5.20428837793681,5.0143150333528,4.81884453458127,8.52374754084835,8.58376517933967,8.17526443924852,8.10049704513204,8.99151544653874,9.05290695800691,10.7115069028957,8.97067574077079,9.16991109985576,12.1564236327108,9.45843045466649,9.37185372342937
7.22157004812645,7.33456773890099,6.53796961496988,7.77721947998337,6.60609725442494,7.86272317066086,7.2705803853165,7.14000315981169,7.77933406344868,7.85832735945505,8.1073250209131,8.70829260484929,7.79913329045534,7.71438346280485,6.63123892262732,6.03674003212768,6.03300017348,5.64277012646361,5.82665818042703,5.7020285172087,7.79452685073772,8.48368181952924,8.50529894419782,7.56648997738268,5.73081442723239,7.23534869235357,8.42284333296988,6.12716619752888,4.90443260464057,6.74790684275616,6.60871811985904,6.04380452549856,6.53367578095876,6.27380049066453,5.8864330876083,5.84047193956153,5.77495260127925,6.0138051353209,8.17438227815173,8.73755940601933,8.71717241065802,8.60337479660097,9.01249286008498,8.939221964699,10.4748655363405,7.49591791116339,7.70116090985561,10.0677484996219,10.4330413841644,9.9104879640877
8.07086221883542,8.46893058169573,6.07087634755357,6.23196651977848,4.60649639561188,7.14012639909158,7.63201055661081,7.62064070515714,7.61690167260718,7.94110963419319,8.07096158790204,8.13226705836867,8.41923247391342,7.68872402242685,6.62440270916154,6.07946774649962,6.19800618915804,6.02366775623736,6.13978080054058,7.06777854542166,7.36670534873656,7.64066710721151,8.95100099633143,10.1148330677253,8.25856511405549,7.82951515108047,8.47921740763657,7.34895256539527,7.53288857955004,7.9709888288798,8.57433724082183,7.71953893605894,7.84822740540887,6.17333223353354,6.66091440823656,9.58665510007053,8.06099532235241,7.09292999895093,7.84395630485882,8.44185291903281,8.47023926734563,8.11710883179145,6.96433539045607,9.30672810079961,8.48504320273218,7.11910509793748,7.1311234696414,7.34083400720627,9.23000166711386,9.88813715593809
6.79426793847182,9.24854851111379,4.06427632470397,3.61560648414226,4.64329515556382,6.84802121293675,7.75487160836805,8.54581555153369,7.59712468438534,6.80044106099047,6.82141762386104,7.66554878998566,8.29881864312473,7.29327034505789,6.7036499786139,6.60378309543647,6.73669159475259,6.60231412653166,6.67579748783414,8.10782069512684,8.39461693862713,8.41462783589805,8.11388585566072,9.70855223527694,8.17432437816579,7.00962371330897,6.53836079832767,7.3721701147536,8.63640824147362,8.48387317052287,8.60082454815755,7.37138468844267,4.56372330297235,5.13190739050179,5.83946367071799,6.69115383690125,6.61821569229452,7.7661381511604,7.78179518505883,8.02075071621563,8.10677511581246,7.99103414507985,4.91242983111625,7.63224678666668,7.60731035100114,6.70638470927204,9.21813029570035,7.17134103177459,6.75627197381023,8.5334305869817
6.21222881526871,7.80352344308628,3.72717329388293,5.63498812404962,7.40051054338307,6.94879554163674,6.79711062771276,7.49955868132272,7.65880814102028,7.21767864534537,6.88981463835271,8.52622475037372,7.82975154243106,6.71510475737535,6.82804934582536,6.5372237583661,6.69285048031608,6.55411106843481,6.6553052518011,8.1026176566945,8.46246015805895,8.40960318035982,6.56070494524095,4.30603884932701,3.22765964676366,7.22555407619724,6.52586354965561,7.27337860023764,7.65935754144177,7.42098686278659,7.67983711112355,7.35590020299114,7.84420757580673,5.37396407457434,4.62992343303458,7.13652019622149,9.90452468933961,9.42656773435141,8.42843630397481,8.06691418407945,8.97365358673085,7.42011717267974,5.22355528100384,6.75750360909832,6.14568273891208,5.57325081898462,7.4469870311546,7.93362382170336,8.90671870661176,8.45586228838338
5.96264649558591,6.50581943349107,6.49037081248182,7.23837130201248,7.59737276721129,7.16313028895044,6.237289615682,6.29847368660891,7.31653428276722,7.90916806149028,7.80969180124248,8.21201505509865,7.70976519034275,6.91352901466654,6.9482961702388,6.6449847384831,6.73872343168726,6.7791706155392,6.89437885701356,8.28704924403504,8.64785010193008,8.50395836265203,5.1941539126328,3.63716952510438,3.97867105644183,8.19034569816394,5.9355074419302,7.0000170922472,7.17153242405821,7.04210847578962,7.11377417807461,5.46401772943886,6.52758504879148,5.3031837476247,5.527276933258,6.29945189939785,8.27564687300396,10.0188056192508,8.96623794155619,8.38397139073106,8.90024101689168,7.90244710579089,5.4271705129037,6.48975261822203,6.12189834527791,5.96379587300159,6.58455686542346,9.31290496021634,8.58718955948699,10.674713031109
5.84699481494724,9.39342685232656,7.90295907643645,9.27497805594869,6.91214318575721,4.15165541880518,4.79767689426353,6.84783381272549,7.17312555964076,7.50155324168631,8.33071497740996,8.33923518556886,7.76864019870283,6.91752474125226,7.00726963711386,6.86979231679451,6.91989930219061,7.09648726202358,7.23307060995801,7.30012394638637,7.36262671035187,7.64073284170399,5.25247649442328,4.57775841358276,5.97707755833211,11.7297320152225,7.65384842970286,6.41351144047548,6.62691716862484,8.62509223664681,8.46914266708308,8.28562352486389,8.18827041347846,8.25267829978037,7.89572259607943,7.53295561015782,8.0594018315096,8.65410806799331,8.67584118958753,9.29546816826409,9.32468475389366,8.84471464220031,6.09034569754681,4.74572477591092,4.54421519447608,4.28515979620001,6.3133598875089,8.88481035409179,7.14970136406042,7.22337620369548
6.10582329954723,6.52485708276812,4.89651024294929,6.23383730572384,6.88186152048147,5.9038416237943,5.55768244291997,5.49490203027153,4.55353137212459,6.10144046759877,7.08920977948948,7.59712633362131,8.15116066858038,7.54589930871309,6.94708682240014,7.10141313475088,7.29528332749669,7.35905555908898,7.37957087734685,7.46964331981742,8.34254659119791,9.1925393099539,6.77719089336616,4.99967704730892,6.79040423440286,9.24685861085145,9.0146762897897,7.98721929076002,8.0932109327968,8.79597195715163,8.74004434157783,8.79279139796519,8.54745221949812,8.87490140613754,8.93051272402601,8.91686976289309,8.87757566325961,8.46297613323837,7.88947010075511,7.33518910811041,4.21879703677579,3.96105577199944,3.37338974839098,4.08686489132922,6.14184971072682,5.0326635510182,4.7958497547438,4.38962971784157,6.47377644017416,7.82454087812321
6.72843178433345,6.60612472565177,7.89043357116934,8.05526477140739,6.69998473175223,7.85759468287868,8.81525278751051,5.83277993686206,4.37281114340268,4.27588873047294,5.39103433037862,7.29931811923149,8.3716126445653,8.51812626664465,7.39363603774262,7.39889749895113,7.64140400060635,7.68155646668446,7.70588476280559,8.01586589787347,9.60002267610971,10.1091448935705,8.56948199644179,5.61982877287028,7.14450574222789,10.3683785422619,8.84293745571467,7.94284379453874,9.1222321400321,8.72595331598225,9.20720109217755,9.53872576470688,9.7086417153877,9.29103285543811,9.3709829909095,9.46616873614219,7.67761159161969,9.15335801548178,7.04316891371339,2.9295976067453,3.78347300149266,3.39814649057375,5.76693536226131,4.29631336198387,4.88924261627217,3.67004453608965,2.98964662509248,3.08631149837833,7.47390171358201,7.31169211946705
7.41211824627685,7.24947630950202,8.02422416386706,8.39864882871414,8.45102262318315,8.27899373151959,7.69356834441949,7.49976700537652,7.73509709206515,6.24036080360213,5.31421962122505,6.05380256447408,6.78353299693979,8.55596258904532,9.49656098245782,8.52742503824917,8.30357298983427,7.87006727752372,7.95912136853068,6.93048272775006,8.85729852240814,7.28534301558642,7.83442923928253,7.32257839788815,8.96592410303657,9.11758663504747,4.39230691324568,5.89480366739247,8.14779451974488,10.1103178267806,11.0047214069591,10.654365593377,9.78855283400475,10.2957985462151,10.6527126170934,10.9901339639302,7.11248582926216,4.92831363896178,4.62039227559838,4.76479001172723,1.72664867569907,6.26939567743515,9.63740974946792,5.81830216473981,3.84564089507315,6.5535151947574,5.35787817998135,3.88793375603007,6.4250539783355,8.76950609008139
7.73345394791462,7.10749939795034,6.81734287010791,7.49419236106041,8.4025096177491,8.25689230939668,7.93497702051942,8.25712537787106,8.67333457708004,6.11639915518399,5.32233109354303,7.18207025618188,8.52178714048512,8.46074934432797,9.60993545771774,8.40536346508653,8.02799156849034,8.12264937306904,8.27453643871758,7.21418937630581,6.63253175512317,7.59117360992777,8.11294970328538,5.71522787683161,6.28814889786594,5.30742932341812,3.43493208096931,3.5051214975931,5.37195771654027,6.57631538382049,8.40742188869006,9.35153215898544,10.4405882535925,10.2858120609395,9.79531255841274,9.28696961688565,8.65961606629667,6.94581245509723,4.06378197389476,4.45884983161474,4.60663910888368,6.64245436849267,10.0484381959356,7.78110820225096,7.65410682677715,7.93403845272938,7.79562561790838,6.88155487101402,8.01434799178614,8.27144314999133
6.81053958589627,7.13310133017158,6.81453999211666,6.81360681318438,8.64064703483534,8.45609495590254,7.96273554077462,8.45549875885261,8.91229918901452,5.5366337540802,4.00392002466653,3.96144836171975,4.83877959784765,7.46997995425706,7.82819179808289,6.29323990202939,6.80813125193923,8.55554666540679,9.52965270938661,7.10202126795833,7.19881709443184,8.58891499548166,7.61299032125461,3.27830671611617,4.09037543777955,2.88854435572526,1.93369790481054,1.63425654121365,3.34105771483629,3.87169035726833,6.56672510728654,6.57042797378142,10.5492893500169,10.8662257826235,8.78473236663296,10.9167528253331,9.09662175487163,9.16617772237552,4.83406964035064,3.04050987750898,6.25174579212672,4.41772651604527,8.65669104881246,8.66847365265482,7.9257225137962,9.07592139374618,8.51578873537784,7.9221189619529,8.47056578835064,8.25936552003369
5.09201954913201,6.93190235481721,7.57122545888353,8.25157109396161,8.99767741151927,8.49370212279448,8.03699375693702,8.54881406917608,6.77672428706013,5.45793247965155,4.88887204701203,4.01046044330542,3.25648548969708,5.21419746341066,7.74656040320417,5.71002804185641,6.25081662227967,10.8826230900961,12.0685403241325,12.2132866487306,8.04415778368132,3.80757652061194,4.87853119966854,3.77657310554468,1.82674555692967,2.35254181204247,3.3988470028284,3.36594179336052,3.96737435844827,3.41763239931633,4.97517781237106,5.42197121008735,10.2014014815321,10.9956294613018,4.50737778186611,4.44708940580262,3.59922265703481,3.73026508587398,4.13617418044501,3.38098256521587,4.5013698584405,3.78169009784393,8.26784589257469,10.081572433717,8.08988176054242,8.2020938601468,7.76084314286476,7.69557491929679,8.5218869290682,7.89496494556882
5.21053718739813,7.40685769459181,8.36217880841746,8.46209710570226,8.80303802566791,8.56677813409728,8.21876030082363,8.68738616436812,6.80161768170512,5.72782119236144,7.27582625417785,5.13615094433733,3.24935827901596,4.61896581640509,5.49103122339502,5.22987299881682,6.11359375531065,6.93313337547272,6.22416922744644,11.0578821736875,8.77158012964539,4.0039219945085,4.20665877834288,5.56303136798628,5.17092097081465,4.14051077540502,4.04680433425484,3.77508492949939,3.83215581632101,3.80351862217386,3.9784215587634,4.56577931574142,5.2541721128965,7.29445094423764,4.8103656266204,3.74331593656769,3.87905754888058,4.57850027143134,5.39728614860103,4.11825248736509,3.76585955109931,2.29572945951686,8.46614179237091,9.76537591100956,7.99697457910652,7.7493442548024,6.91773789187697,7.56327323822574,9.29698440660208,8.81184171043548
5.73612309064605,6.21054988262826,7.20611700786861,8.6688726100132,8.56849786593228,8.49921093241382,10.0063473504621,10.8386163330867,9.37209034346245,8.04473789361165,5.03600500847975,5.29699960545066,3.65121032908522,3.91624471787213,4.01560192273278,4.24491941842307,4.61504887450482,4.16010940243802,4.12613632170834,2.64198727584114,2.17050084851609,3.41435235065297,4.2205368924788,4.51494598483521,4.04041344006901,3.24585695710284,2.82151852812834,3.22429385272134,3.23020639190903,2.12721743298491,5.4015354437049,4.49282777647031,3.79461034005954,2.97891437953498,4.15399684945073,4.80807872254446,5.15011777298604,5.29859955037787,5.73761788333953,4.92781814144083,4.42885973954427,3.81523852754361,7.18390992746477,10.4703598534802,8.57032482186004,8.46720960054319,7.06431668978321,6.22263648026132,9.80857837491665,10.0489150149353
6.68041258745556,7.28051666024097,8.15275852726347,9.1267339695267,8.8963876346431,9.7724123427679,8.49731811245784,7.82990611341514,8.50231902220797,8.1560629562552,7.2543778626315,4.77684837129655,3.99588562136937,4.52956764147681,4.03190097976319,3.01372192052226,3.01117469226002,3.18352907271039,3.06928422289651,3.25365230266463,3.49019099137278,3.13127831962956,3.13936942090769,3.10232462561855,3.95609140177835,3.94471530191581,2.87207869175768,3.86016885963347,3.63034121984866,3.6466041120208,3.9966419304165,3.3945083885285,3.40792546215242,3.68576950571489,4.10163769710883,4.43791689230351,5.49439689455168,5.77253086210744,5.1426308969589,4.13193956389215,4.31763287005593,3.95571423232609,6.96899294115971,5.61291140165348,8.31921669546828,9.25045255626126,5.36925412342787,6.81215557791303,9.00723266174573,10.1000939215617
